User ID,Studying,animals,cooking,culture,dogs,education,fitness,food,healthy eating,public speaking,science,soccer,studying,technology,tennis,travel,veganism,clusters
002cd824-10f2-447c-8d1c-940325a1cdf4,0,4,1,5,2,1,3,4,1,1,2,2,4,5,4,2,2,0
007a1366-a46f-40f1-9ba5-01245aeaf20f,0,2,0,2,1,5,2,2,5,1,2,2,2,2,0,1,2,2
03e3a23a-a77a-41da-9ecd-3f2ff9e5bc90,0,3,2,2,2,2,1,5,2,0,1,3,3,3,1,2,1,0
04e52602-e370-4a99-bfda-f0c1655058da,0,1,1,4,1,3,1,3,3,3,0,0,2,1,4,3,3,2
052faed2-37ac-4a2c-ba6f-2657322e4fa5,0,4,1,4,2,2,2,3,5,1,4,2,1,5,2,1,7,0
054b5d2a-7ee3-49c8-912a-1cf58389ae60,0,4,5,0,4,5,2,2,3,0,3,3,2,5,2,2,1,4
05782669-264e-4c14-990e-14c8dbb13bef,0,2,3,0,3,2,3,2,2,1,4,4,6,1,2,2,0,4
05d7e77f-a18a-4358-a23a-46c560b3682e,0,2,1,3,1,2,1,3,3,2,7,2,1,2,2,0,0,0
06a8036a-6e4c-4b15-a6c8-ca74ac11ea73,0,1,7,3,1,1,1,4,4,2,1,2,4,1,1,0,1,4
07061727-dc05-4411-ab78-79f95b1869a9,0,3,3,1,3,6,4,2,2,2,4,1,5,2,3,6,1,1
07f4dcd0-2bf3-4f21-9da3-b054b511ae00,0,4,3,1,3,2,0,3,2,2,2,3,1,4,0,2,0,0
0828c4e1-63ec-4121-aa07-eefd37954bb9,0,3,5,3,2,1,3,1,3,1,3,3,3,3,1,3,4,4
084eb113-0d87-4ae5-891b-2ec7f1e194a8,0,1,6,2,1,2,1,2,5,1,1,0,1,3,2,2,0,4
0871bb31-3d6e-4e4c-ab19-95a262cac0d4,0,2,4,6,2,0,8,2,4,8,0,4,3,3,6,1,2,0
0873e9a7-234a-4096-a92a-8dc7a03eb0c5,0,4,7,4,1,2,0,6,5,0,1,0,0,2,3,2,2,4
08c64787-e47b-4a7f-b00b-5590eb5fbc3a,0,4,0,3,2,5,2,2,0,1,1,1,1,1,1,4,1,3
094fbe49-da84-4445-9d28-7fc5f593f5ad,0,0,1,2,4,2,1,1,2,4,1,3,0,4,1,1,1,2
0a1cde57-79ab-4c61-b664-1d3b290b43cf,1,3,1,3,4,3,3,6,1,1,5,2,0,2,0,4,3,0
0c347562-ce55-450b-91ab-0707662b36f5,0,2,3,3,4,2,0,4,3,1,1,3,2,2,4,5,2,1
0c5b0547-820a-4beb-832e-3162f74ccfa7,0,1,4,3,4,3,2,0,3,3,1,5,4,1,2,4,1,1
0c9ea4da-c609-4b08-ab44-1da0530ba364,0,2,3,3,3,2,5,1,0,0,1,2,1,1,2,2,3,2
0ce03276-e538-4c96-bcae-9844fb0628ac,0,3,0,3,4,0,3,2,3,0,1,3,1,1,1,3,2,2
0d47a133-383b-4a9c-976c-697ac65ccb19,0,1,3,0,1,4,0,0,4,1,2,1,0,1,3,1,2,2
0f1f6aef-b094-4b4d-b6b6-412ebc42c12b,0,2,2,1,0,1,4,2,4,2,1,3,1,3,1,0,2,2
0f21b6d6-7be6-484c-9698-d851ad7d43c5,0,2,3,2,2,3,0,3,2,1,1,1,1,4,4,7,1,1
104c4dcb-70d5-4d87-b5b5-8b67205891fe,0,1,2,2,1,2,1,0,5,4,2,1,2,3,2,1,3,2
108fc1be-9c15-440a-9cab-634c3f414dcc,0,2,9,3,1,3,5,2,2,1,2,1,1,2,2,4,5,4
109782f9-4141-4d5a-826f-9a4ea672f65b,0,6,3,1,5,2,4,1,2,1,2,2,2,3,1,4,0,3
10f311c3-f547-4260-8c0e-a155008b7936,0,2,2,2,2,2,2,1,3,0,3,3,2,2,1,3,3,2
11f207c2-0113-47e5-aa9a-df2c7b91ac75,0,3,3,3,2,6,1,3,2,0,4,4,2,3,2,4,4,1
122c3e03-0a96-4d62-9d17-27f8e2b6ba58,0,2,3,2,1,3,4,4,3,3,1,1,3,3,2,3,2,2
132b1407-16fa-48f8-8112-3e426974bbb7,0,4,1,1,3,6,5,0,1,1,1,4,0,1,3,2,1,3
13c06e7e-833d-47eb-a790-5e09ccfd8d2c,1,1,2,3,1,4,0,1,4,1,0,1,1,2,2,3,2,2
13f0db8a-152a-496f-a6e8-1ed6a90b8788,0,1,1,3,3,1,1,4,0,2,2,2,1,3,4,4,3,0
1545ddaf-2b75-4143-82fe-b88966aee4fb,0,3,1,2,1,1,3,2,0,7,0,3,0,2,1,3,4,0
1582dac6-ebec-43ed-a34a-1a202ca72627,0,3,2,0,1,1,3,1,1,1,1,1,3,3,3,6,2,1
15c2ba5b-eeb6-4d9b-a0e2-7d5461a21c0a,0,4,3,0,2,2,0,2,4,3,3,0,1,4,5,4,1,3
15cf4392-8541-422b-8957-a9c0380c11d9,0,3,0,3,3,3,4,1,6,0,4,3,1,1,3,3,1,3
15e325b1-c221-4bf8-8010-18d76b03646e,0,3,1,1,1,2,2,4,2,2,3,1,1,5,3,5,0,3
163daa38-8b77-48c9-9af6-37a6c1447ac2,2,5,2,4,3,3,4,2,2,0,2,2,2,1,2,2,0,3
168e6d97-0b9c-45d0-ba57-cabc8c60d428,0,1,1,1,3,0,1,0,3,0,2,2,0,4,0,2,1,2
1798905d-6c3a-4e5d-a9d1-ce429b1260d7,0,2,0,2,5,3,2,3,3,2,0,3,0,2,1,3,8,2
17bc2431-754a-46e8-81e2-32820d3fc612,0,2,2,4,1,1,3,2,2,0,3,1,4,2,2,1,3,2
18421d97-6f86-4d21-a7b1-dcc57dd8be76,0,2,5,1,3,2,3,1,3,1,4,2,2,2,1,4,1,4
1879b698-1639-438e-a07e-ddd735f8d57c,0,2,5,5,2,2,2,1,1,3,3,1,1,3,2,3,2,4
18c56602-937e-4ff3-bc6c-43f0b14212ca,0,5,2,1,1,2,0,2,1,2,2,4,1,1,2,1,1,3
192a526b-4952-4bda-b659-4661dab12716,0,5,1,3,3,2,2,2,4,3,4,1,2,3,4,3,2,3
1932a904-86ba-4438-bb52-b7e6516a4019,1,2,1,2,1,1,3,1,3,2,3,2,0,2,3,3,0,3
19fa2bc2-96ab-45b6-99de-1995c2bee330,0,4,0,2,2,3,2,1,2,1,2,2,2,2,2,2,4,2
1a1be722-70b0-47e0-a737-1700cffa1e6d,0,0,4,0,1,4,1,4,4,2,2,0,0,3,2,9,1,1
1add9169-fda0-4da2-82a0-4de3bf7ed8ca,0,1,3,3,0,1,2,3,2,1,8,2,2,2,4,1,0,4
1bcc3c26-e82e-40f4-9d16-3311c8c1ddf6,0,2,1,2,3,5,1,3,6,4,0,3,0,4,1,3,0,2
1d8dfb6a-330c-4eb9-a603-364f207c6e57,0,2,2,1,1,3,0,3,3,2,1,0,0,3,3,3,2,2
1e571af5-1796-424c-b744-a925897d44a3,0,7,0,1,2,3,2,1,0,2,1,1,2,3,0,4,3,3
1e6db00c-22dd-4ae9-80e3-95f7a88b18b8,0,3,8,1,3,2,2,3,1,1,3,1,1,3,1,5,4,4
1ea3d5d6-7e6d-4554-b31d-ea31dc2150f9,0,1,2,1,1,1,4,3,5,0,1,0,1,3,1,1,0,2
1ebc46fa-edd3-4dec-bb45-c124daf83512,0,1,1,1,1,1,2,3,3,0,2,2,4,4,4,4,3,1
1ee25417-3648-4220-9b8f-fc82d1ef450c,0,2,1,3,1,0,5,5,4,1,1,2,2,1,2,0,0,2
1f7e22c8-558a-4b6f-a04f-b219593f029e,0,4,1,1,6,3,3,1,1,4,1,6,1,0,1,2,2,2
1f81cb56-5258-4f9e-ab2c-4dfb581b44cb,0,1,3,5,4,2,3,1,3,7,4,2,2,0,2,0,4,2
1ff398e4-6b68-451d-9b00-2d2a565ba22a,0,0,4,1,3,4,2,0,2,1,5,3,2,0,1,2,1,4
2019ba88-1967-43e6-9710-b17ade18afb3,0,5,0,4,4,4,3,5,1,0,3,0,1,5,5,3,2,3
2026ccb6-77b2-494c-9b6b-a5d32aa86776,0,4,3,2,2,0,0,2,3,0,1,3,2,2,4,7,4,1
20d507a0-fdba-4c04-a30c-bd18273accdc,0,3,3,4,0,4,2,5,3,1,3,3,1,1,2,1,1,0
2129de92-ee91-425f-a854-07c553ee0b74,0,0,3,2,2,1,0,5,2,0,3,2,1,4,1,2,1,0
22056f9e-4654-44e9-930d-2fabdeb80f95,0,2,3,3,2,2,1,1,2,3,1,2,1,1,4,6,2,1
225f147b-0951-40a8-96fb-2ceba9f3153a,0,2,1,3,1,2,0,3,3,1,5,1,0,3,4,5,0,1
23483ddd-e43e-4c5f-a1b7-5392410aa8d1,0,2,1,4,2,2,0,2,4,2,7,2,3,3,2,3,3,0
23a48585-f2cf-4a20-8d30-f49361d5625c,0,2,2,4,3,4,4,4,0,1,6,2,4,1,4,4,2,1
23cc47ff-e5cd-4915-828d-258aefce5a14,0,4,4,1,2,1,2,2,4,0,3,1,0,1,3,2,6,4
241d5c6e-06c7-491b-b23e-f8d6ddc0240a,0,4,2,4,3,1,1,3,2,3,2,2,2,2,1,1,2,0
242a3620-fc18-4120-ac72-37b0f3716879,0,2,4,2,2,1,2,1,0,3,0,2,0,2,2,2,3,4
24789387-968b-425a-8836-14e243cda16c,0,1,0,3,2,2,3,1,2,1,4,1,3,2,6,2,0,3
248a8f9f-10ac-4786-adfb-d0c3dd4e4b97,0,4,5,2,2,1,2,1,4,1,3,2,2,3,2,5,1,4
2546684f-0387-4c46-b19b-9a5ddb2ef221,0,2,4,3,3,3,1,1,2,1,4,3,2,2,1,2,1,4
26c6734f-42b6-48f8-a08e-e1c3a79019d0,0,2,1,2,1,3,1,3,3,4,2,3,0,0,4,2,5,0
26c9a1fc-78b0-460b-8931-cec1dc87aa0d,0,2,2,1,0,3,1,2,2,0,4,4,2,4,2,1,4,2
274ac4ac-395a-4f70-90e5-9771ac3db11b,0,2,6,4,1,1,2,4,6,2,4,2,0,3,0,4,3,4
286516cf-d236-40de-8d28-7d0bd173125d,0,1,3,3,0,2,3,2,0,0,3,0,3,3,3,2,1,4
289044c8-e74c-4814-898a-b3b5eba6e46e,0,6,6,3,2,8,2,2,6,0,0,2,1,2,1,1,4,4
2941011b-f214-4430-8a14-e791ed0805bb,0,1,6,2,1,1,1,1,2,3,3,2,1,5,4,3,1,4
29ba1f29-2e45-41bd-9c43-05d0dae6c1c6,1,1,3,3,2,1,1,4,4,1,4,1,2,3,2,3,1,0
2a41e628-4cc5-4765-af2e-8b3dec750c0b,0,2,0,2,0,3,1,0,3,2,1,2,1,3,2,4,2,2
2aae6657-1214-4119-8cde-6b0dc5cd5529,0,4,3,3,2,4,3,1,4,1,5,2,2,2,1,0,2,2
2ab641a8-6ad4-4d1a-8511-d87ff5346773,0,3,3,0,3,0,2,3,0,1,3,3,2,3,1,6,0,1
2ad548cd-a899-4992-972b-92cde9cea8f1,0,0,2,3,1,0,2,6,0,2,4,2,1,5,1,2,2,0
2af7f476-41b6-4147-aac7-0bbcb5043895,0,2,3,3,2,1,3,2,5,1,2,0,2,3,3,7,1,1
2bd9c167-e06c-47c1-a978-3403d6724606,0,2,2,1,3,3,3,2,2,2,2,2,2,2,1,5,0,1
2c32ac39-926d-4473-801f-5733222ad74f,0,5,4,1,0,0,1,1,2,2,5,2,1,3,1,2,0,4
2dd186bb-7a28-4e80-99c7-f1936afc7b49,1,1,3,2,2,3,2,1,0,1,3,3,4,4,3,2,0,2
2ef20e99-8be8-4ab6-a817-83991f7a0fa3,0,3,3,1,2,0,0,4,0,1,4,2,0,3,2,1,3,0
2f112802-2501-45b5-a9d9-470cda6ef23e,0,4,2,4,2,4,1,5,3,2,4,2,0,4,3,2,4,0
306662a5-e17a-44a4-bb67-cc858ae1dccd,0,3,4,3,2,3,1,3,3,3,1,1,5,1,0,1,3,4
30a7de62-d6a1-47d6-963f-0724adf18c4b,0,3,5,0,0,1,2,3,2,0,1,0,4,1,4,1,2,4
30be2156-59d1-451e-beea-1a3690200a2b,0,1,1,2,0,1,2,2,1,2,2,1,2,7,2,4,2,1
311d7214-711f-4f66-bc9a-e835fa54ffb6,0,4,1,0,1,1,4,3,3,1,2,2,1,3,5,3,1,3
317c70d5-fe65-4663-afb1-150108e0e55c,0,8,1,1,1,2,2,4,2,1,0,3,2,2,4,6,1,3
31cfc138-cec0-4176-bd6d-79c4cadbb1d4,0,2,2,4,4,3,0,5,2,1,4,1,1,2,5,3,1,0
31d378e7-9e95-4e8a-b564-7fd346027dfe,0,3,0,3,1,1,1,0,3,1,2,5,1,0,2,1,2,2
31ff6616-c1dc-4b9a-8091-0b4d0cac25b1,0,1,2,5,2,4,1,2,0,3,3,4,2,0,4,3,1,1
3205ad12-726a-4b65-a15a-1a899a9d310b,0,5,2,4,2,5,6,1,1,2,4,0,1,0,1,3,1,3
324e384a-9963-4d17-94aa-21859ea85062,0,5,3,1,3,2,2,2,3,2,2,2,1,5,0,2,2,3
330ded4b-db65-485a-80a4-6b3bffd33067,0,1,2,1,1,1,3,4,0,1,8,3,1,3,3,1,0,0
334e2fe8-6f2c-424c-8ed5-12c99f048722,0,2,3,7,3,1,0,0,4,3,1,2,0,2,2,2,3,2
33a8d02a-e255-4ffe-9d90-2df8c2914077,0,4,2,2,2,1,1,2,2,2,5,2,0,5,1,5,0,3
33c1cee6-ae56-4f8e-84fc-ee0a4b7bbf4c,0,5,3,5,1,2,2,3,4,1,2,4,1,3,3,4,1,3
3455a646-398f-4b16-b19a-1371cdb2e048,0,0,5,5,3,2,1,1,1,3,4,2,1,2,2,0,0,4
346174b1-4661-4cdd-8c47-66dbd013cd56,0,5,3,1,3,0,3,0,0,2,3,1,1,1,3,1,1,3
34e8add9-0206-47fd-a501-037b994650a2,1,2,9,2,2,4,0,2,5,0,2,1,1,2,3,2,5,4
34fcadd6-fa9b-4404-981a-c70c86cde556,0,0,1,5,2,3,2,1,2,2,2,4,1,2,2,2,1,2
35d6a1f3-e358-4d4b-8074-05f3b7f35c2a,1,1,3,3,1,3,3,1,3,2,1,4,3,0,2,1,0,2
3663e3e6-3d5c-4ed9-a6af-1e680ec5f34b,0,2,4,3,0,0,3,5,2,0,0,0,1,0,1,4,2,1
374634b7-aead-4f2f-9303-c15f456c4094,0,4,0,3,3,3,3,0,0,3,2,4,2,7,3,1,2,3
375985a6-ae79-43d2-b7c6-b182d83f1eaf,0,1,2,4,2,1,0,3,1,3,2,3,1,0,1,5,1,1
37867a23-d07b-4990-8fa8-d694cf7d3b1b,0,4,4,3,1,3,3,6,0,3,4,3,2,2,3,3,2,0
38cceae3-14e0-49bb-8087-f6f210a2053a,0,2,6,1,4,3,2,1,3,0,1,1,2,4,2,2,1,4
392bf6a1-dd73-48a5-9fd9-431749f2a8ef,0,3,3,4,1,2,6,2,3,5,0,2,0,3,0,2,3,2
3954373b-2411-4d3a-98ba-03bafc1a1a6d,0,3,6,4,3,3,0,0,6,0,3,4,3,2,3,2,4,4
3956593b-7739-426a-b7a5-e841c95a5df9,0,4,2,2,2,3,2,4,3,6,8,1,1,4,6,4,1,3
3a752edf-f723-46a5-bffb-4a9ed6475546,0,2,2,4,3,0,2,0,2,1,3,2,1,2,3,3,3,2
3a80467c-0f1f-49ca-b904-1938ea2177a9,0,3,3,3,4,1,4,3,7,0,2,4,1,2,1,4,2,2
3ae50cc3-39cc-440a-8e31-3215011f2762,0,1,5,1,1,1,2,4,3,2,2,1,2,5,0,1,3,4
3af8d78b-55c4-4ac0-8161-7cc3f6ec11c9,0,4,1,2,6,3,1,2,0,1,2,1,3,2,1,2,4,2
3b751c3f-bab7-4b2b-a95f-10d57c02aa6a,0,4,3,0,0,2,0,2,4,2,2,1,0,3,3,2,0,3
3c45659f-e24d-4b0d-8210-0b7704ea1ac6,0,3,1,1,3,1,2,0,1,2,3,2,2,2,1,7,1,1
3d13e0d3-e765-4065-9221-3f864689b9e0,0,4,3,2,2,0,3,3,4,0,6,2,5,1,3,2,3,4
3d5f257e-556b-4e19-b127-977bc5c4daed,0,5,3,2,1,1,0,3,2,3,2,6,5,2,1,4,2,1
3e65775b-36e4-495d-9c45-28127fb3da5f,0,2,1,1,2,1,1,4,1,1,0,3,3,3,2,3,2,1
3eb6dad3-c017-4e77-8920-fbdea84b0acc,0,4,2,6,1,2,2,2,1,2,1,0,0,4,2,5,1,1
3efc3621-873a-4b80-a0cb-27e531d600be,0,2,2,3,2,2,1,2,4,2,3,2,1,1,0,2,1,2
3f218ab6-a288-4ee8-affc-3d02a9cbff5f,0,4,2,2,1,4,4,1,8,2,4,1,1,2,4,3,3,3
3f2d07e5-3604-4873-9737-bb44340773d8,0,3,4,1,1,2,2,3,3,3,1,2,2,4,0,2,2,4
4027aa31-4bda-4e1d-92f7-49de962e8da9,0,1,2,0,3,3,1,2,2,1,3,5,3,3,2,0,2,2
40e643fb-369c-4ecb-beb7-810114f331fa,0,3,1,1,2,3,2,0,3,4,4,6,0,0,3,2,1,3
40f15350-9ac3-4b6c-83c3-51cc7945dd01,0,1,3,0,2,3,0,6,3,1,5,4,1,3,1,5,4,0
4172c4ea-8fd9-4e50-bd2c-7020eab84f34,0,3,5,2,1,3,2,2,2,4,4,2,3,3,2,4,2,4
41b0ee09-2868-4c4b-a22d-b533a7fa46af,0,4,0,7,1,5,1,3,3,3,3,1,2,3,1,5,3,1
41cd692a-be3c-4acd-a2c8-184586bdc180,0,3,2,3,1,1,2,0,0,0,2,1,0,5,2,0,3,2
425b7021-0409-4358-af39-2bff14197d0a,0,0,2,0,3,6,2,3,4,2,6,3,0,3,8,1,0,3
427fa55b-7f49-4981-bcd7-59fee8efb512,0,10,3,1,2,2,1,0,2,2,4,2,0,0,4,2,0,3
4291e9a9-b4a8-42e1-b032-520b16f93888,0,1,4,5,1,1,4,2,0,2,4,0,0,2,2,1,0,4
43dc107a-bd3f-4cfe-96f7-8d17ca485bc2,0,5,4,1,3,3,3,5,3,1,1,3,1,2,0,5,3,1
45064aca-5e28-4b1f-be64-202fc5e0daba,0,3,3,2,3,4,3,1,2,1,4,2,3,2,1,3,2,2
4607d7b0-3313-49b8-9f73-5b8227fc5b67,0,2,2,3,1,1,2,1,4,0,0,3,0,4,4,2,1,2
4793cc6d-be60-42cc-bfd4-7ce8fd4d0eab,0,2,4,3,1,3,3,2,0,0,2,0,1,2,1,8,3,1
47def058-01cc-478f-9830-eaddcccac633,0,2,7,2,3,1,1,2,5,2,6,1,1,3,2,1,2,4
48bed4d7-0329-472c-96d9-b23a103eb834,0,1,2,2,3,4,2,0,2,2,1,5,2,3,1,1,0,2
48e26178-5cdd-4568-9990-d3bc5937910b,1,1,7,3,0,1,1,1,5,0,6,3,5,3,5,2,2,4
48e834aa-fd4a-4206-93e8-ac8fdac613bc,1,1,5,0,2,2,0,3,2,0,2,0,2,2,1,0,3,4
49da0743-cb4d-4c84-b6a2-537bbe7256d1,0,2,3,3,1,1,0,3,1,4,1,1,3,1,2,4,1,1
49f49bcf-17fe-4edd-990d-16c3d1df931b,0,4,2,1,4,6,3,3,1,1,1,3,0,0,3,2,1,3
4baf648a-0ad5-412d-8250-5a0ff9289fbf,0,4,4,2,3,3,1,0,3,2,3,3,1,2,0,3,3,4
4bc62825-3109-4796-9465-1bf853165347,0,0,4,5,3,5,8,2,3,2,3,2,0,3,0,4,2,2
4bcb2c2e-36ed-4d5d-90a1-440993e9f6d2,0,2,1,5,1,1,3,2,1,4,2,4,3,1,4,3,1,1
4c0558bc-b0d9-44b0-8b70-5fc6acb6c362,0,4,0,5,2,1,1,5,1,3,4,2,0,2,2,2,2,0
4c731e48-0377-4d7d-b4c8-b2174b774ed8,0,2,0,6,1,2,2,0,5,1,1,0,2,4,4,5,3,2
4cbd005f-69d5-4a83-9947-7009f69c0e7d,0,3,2,4,2,2,2,1,0,1,4,2,3,3,2,2,5,2
4ce3f877-96ea-4a37-8107-1176126d9d97,0,2,5,0,5,2,3,2,5,4,3,0,1,1,2,4,1,4
4cff698b-def1-497c-a78e-75058de67fe8,1,2,4,3,4,2,0,3,3,4,1,3,1,3,3,0,3,0
4dc7482d-e44b-47cc-bc27-7bf663497997,0,2,1,2,4,1,4,1,3,1,6,2,5,1,0,1,3,2
4edc3d1a-a7d9-4db6-89c3-f784d9954172,0,2,3,3,2,1,2,4,3,4,3,2,3,5,2,1,3,0
4eed2f45-f040-4995-a60f-472af1ff379a,0,3,5,3,2,2,0,1,3,3,2,3,3,1,2,1,1,4
4ef2c812-b152-4a72-a443-f4ff787d7b0d,0,3,1,0,3,2,2,3,5,3,2,2,2,2,3,2,2,2
4fe1900d-5e78-41a3-88ed-18e6889c6c77,0,3,1,3,3,2,2,0,4,4,3,6,4,3,6,3,1,3
4fe420fa-a193-4408-bd5d-62a020233609,0,2,4,1,2,1,1,1,2,1,4,4,3,2,3,3,0,4
542041fb-f361-4353-b0f0-442c1585317a,0,2,3,1,1,1,5,2,2,4,2,2,1,2,1,3,1,2
54729154-eb5c-413a-8837-887365057910,0,1,2,5,0,2,3,1,2,3,3,1,5,3,2,3,1,2
54a8e072-5369-4122-9189-43b55e1a4ba2,0,2,3,1,0,1,1,0,4,0,3,1,1,1,1,2,4,4
55380131-13c6-4a5c-8826-ead0ea8895cc,0,2,0,5,0,5,4,2,3,2,3,0,2,3,3,0,4,2
561b08d6-1084-4115-933d-db3e60edfd8b,0,1,1,2,0,4,2,1,3,2,1,1,2,2,4,2,2,2
568e7c6f-b1e9-4a85-897c-aaaaa0ce8832,1,4,4,3,0,2,1,2,6,2,4,8,0,1,2,1,4,4
56b8948a-68bd-425f-b842-eabe6bcfacca,0,2,5,3,4,3,4,2,1,1,2,4,1,3,3,2,1,4
56e65b5b-e1b4-4f67-b596-e75bf103783b,0,3,1,6,2,1,2,1,3,3,4,3,1,3,3,3,3,0
571d7193-a3e6-4909-b25c-e891fc126f31,0,4,5,4,1,2,3,4,2,3,5,2,3,3,2,2,2,4
57617bf3-b7d0-49cb-8d88-7d8346656397,0,1,2,2,2,1,1,1,5,1,1,3,0,3,2,3,1,2
583f2bde-886d-4cf3-a5c4-7cb60cd25df3,0,1,3,8,0,6,1,1,5,3,3,2,0,1,4,3,1,2
5870e611-6218-48e1-a9a0-ba86fe5598f7,0,7,4,3,2,4,4,4,3,1,4,2,2,3,6,2,2,3
5897490a-0aaa-49c9-b63e-0da83088e3e0,0,2,6,4,2,3,3,2,3,1,2,1,4,1,2,3,2,4
58fc0c8b-f669-4ee3-9a92-6d4290d85277,0,2,1,2,2,2,4,1,3,4,1,4,3,3,2,3,0,2
596342af-6379-4551-8379-f4b805f9d576,0,1,0,2,3,6,2,4,4,2,1,3,3,1,6,0,0,2
5a1ab9a3-1983-4021-9557-d3700a276746,0,3,0,3,3,2,1,2,1,1,5,2,1,4,2,4,1,3
5ad56e97-58f6-4e66-9b8f-5c16358a9a97,1,4,1,4,5,5,2,3,3,3,3,3,1,1,3,4,1,3
5b3b843e-7c66-4eac-82b6-8d6f7a19277c,0,5,5,2,4,1,1,5,5,0,3,2,1,4,1,3,2,4
5b62e10e-3c19-4d28-a57c-e9bdc3d6758d,0,6,2,1,1,3,4,0,2,0,8,2,0,0,2,5,1,3
5c433d28-dfb7-4456-a468-dc3705147ce0,0,1,2,1,3,0,0,3,0,2,1,1,1,0,3,5,1,1
5d04455b-a95e-40d8-bcd4-8c485777c47f,0,6,2,3,1,3,0,0,2,2,3,1,1,1,3,1,1,3
5d33137a-3306-4d5f-8ab1-48d2446a12b0,0,3,3,6,3,2,1,1,4,4,4,2,2,2,1,3,3,2
5d454588-283d-459d-915d-c48a2cb4c27f,2,1,0,2,3,2,2,1,2,0,1,6,3,2,1,3,0,2
5fbf758a-376b-472c-8aca-a87ff1db3e6d,0,2,3,4,1,4,2,7,6,0,6,1,1,3,4,2,3,0
5ff89fb3-b364-494f-b62d-07097b2ffa12,0,1,2,5,2,1,2,4,1,1,4,7,2,5,4,2,1,0
5ffd8b51-164e-47e2-885e-8b8c46eb63ed,0,2,2,2,7,1,2,2,4,4,3,1,2,3,3,3,1,2
600118fa-e6f4-4d74-aeb6-936abbbf38a1,0,2,5,1,4,1,3,3,2,4,4,5,1,1,5,4,1,4
6053d7e5-47da-4156-8b7c-dacf23a0e660,0,2,0,4,5,4,0,5,3,2,5,2,1,2,1,2,3,0
6178d76a-af2e-4453-93ee-02ca23ed3fdc,0,3,3,2,2,2,1,3,5,1,1,1,1,4,2,4,0,3
61d88e0e-c0e7-4352-85ad-555e464ff933,0,4,2,1,2,1,2,4,4,4,5,0,1,4,0,2,1,0
624db443-c716-4227-ac84-a6f7c3a59162,0,3,1,2,4,2,0,3,2,3,3,0,3,0,4,1,4,2
63e07d14-7bed-44b8-9cf0-4a7e9b2a99ea,0,7,3,4,1,3,4,2,3,0,2,3,1,4,2,1,2,3
63e1cb43-d3dc-491a-af16-209c1c152c44,0,3,3,2,1,1,3,3,2,2,3,1,5,6,4,3,2,0
64b33556-9ecf-4ebc-8b4c-f829ab1a4881,0,1,2,4,4,1,1,1,6,2,2,1,1,2,3,3,1,2
64b82ed5-80dc-4fbb-9dfc-d7e037684f0e,0,0,2,4,3,3,2,2,2,1,3,0,2,2,0,3,0,2
66663a0d-856f-487f-a2a2-258af21ab3e5,0,5,3,3,1,2,1,4,3,0,3,4,2,2,5,2,3,3
683d880b-3ccf-4f4d-8182-96e7a7a884bd,0,2,1,1,2,1,1,1,1,0,0,2,3,2,3,0,3,2
68724f58-bc4d-4ab0-a4e1-60cdd5e95e7d,0,5,4,8,3,0,3,6,3,2,4,3,0,5,2,3,2,0
69527334-c362-47df-87fc-5e2b5e2605e5,1,1,1,2,1,4,0,2,2,0,4,1,1,0,1,4,3,1
69532ce2-1ffe-4187-8042-0230d115b24e,1,1,3,2,3,2,3,5,2,2,4,2,1,8,1,1,2,0
6978b891-dea2-4217-8bc8-47d5aa25e743,0,6,0,1,1,0,5,1,4,3,2,3,0,3,5,2,1,3
69f2735b-eee6-4fc1-a934-b31c20beb780,0,3,0,1,0,6,1,5,7,2,2,3,4,2,0,2,1,2
69fcad9e-45a9-4189-b7e1-96b26c57c542,0,1,5,0,2,4,3,3,1,5,4,0,2,4,3,3,2,4
6e98e5c2-b7d7-4915-bb20-d01a42d29dee,0,4,3,3,3,2,4,0,1,0,5,1,1,0,3,1,0,3
6e9c7f30-264a-4aa0-b3ac-36e852d10906,0,4,2,4,1,2,3,3,0,1,1,4,3,1,3,4,1,1
6eb62858-f6f3-4846-8054-52df483979de,0,1,3,2,0,1,1,1,4,4,1,1,2,3,2,3,2,2
6ecb39b1-8f85-44f1-b2f3-0cffcba4d731,0,3,2,1,2,4,2,2,4,1,1,0,2,1,2,3,1,2
6f2e20b4-5d7f-4345-b5a1-71a768ab8050,0,3,2,3,0,2,2,1,1,4,2,0,2,3,4,5,4,1
6fb7ead6-71f3-4f57-94bd-18111fbc5e1a,0,1,5,3,2,2,4,1,2,1,5,2,0,1,3,3,0,4
6fd58dea-315a-4ab2-8023-424a6ff455cd,0,0,3,2,0,9,5,2,1,1,4,4,2,3,2,4,1,1
7000ac2e-87a0-4e23-b342-5f150e03f9ef,0,1,3,0,2,1,2,2,2,2,3,1,3,0,2,3,2,4
70848bd7-6cd5-4686-b22b-a9afb05541a5,0,2,2,3,4,6,2,1,3,3,2,1,1,3,0,1,2,2
71519e2e-6e97-4b73-a346-cc3a91cb4661,0,3,2,4,0,4,3,4,1,0,1,2,4,4,1,2,2,2
7240bf9b-7424-4c04-aab1-1d7aa39964d9,0,3,3,1,3,2,0,0,4,3,2,1,2,3,4,2,1,2
7246fed1-8725-4dbb-bccd-5451346f122d,1,2,1,0,1,5,3,2,1,1,5,3,3,2,1,6,1,1
72d2587e-8fae-4626-a73d-352e6465ba0f,0,4,5,3,3,4,2,2,1,3,4,0,1,3,1,5,2,4
72f7f84c-5bcc-4380-81cd-3378ce0a1b32,0,0,3,0,3,3,2,1,2,3,1,1,1,4,1,1,2,2
73a9e869-62a6-4508-b146-20dc9de19276,0,4,5,2,4,0,2,2,4,3,3,3,3,2,0,4,2,4
740a4abd-187d-4783-990b-161c52fb5f86,0,6,2,1,4,2,2,4,3,4,3,0,1,3,3,1,4,0
75ef996f-dee4-47d9-87e2-9b58ebd76ff0,0,2,2,4,0,2,4,3,0,2,3,2,0,1,5,4,1,1
766886c9-a63a-4446-bb4a-07d611b3b212,0,3,5,4,1,4,3,0,1,3,3,3,1,1,2,1,2,4
76a034b7-e163-4735-a15b-b0ff645ca627,0,7,1,3,2,6,3,5,1,2,3,2,1,2,2,4,1,3
76cb4dbe-7748-49ab-8179-6e3f3b840dd6,0,2,2,1,4,2,3,2,5,0,5,3,2,3,1,0,1,2
7719b807-bf22-4b36-8f69-44d9a87d239b,0,7,2,3,1,2,2,1,1,2,2,2,0,2,4,1,1,3
77908afa-eff6-49a9-b042-04fff799a0ff,0,0,3,3,1,2,4,0,3,1,1,2,3,4,3,1,4,2
77a7b81e-96f7-4e5a-92c7-5b07f7333913,0,1,3,2,5,5,4,2,5,3,3,3,2,1,1,4,0,2
78703a69-8edc-458f-b0fc-85d96501dcdc,0,3,3,2,1,0,1,0,5,1,1,3,1,1,1,5,1,1
789b11b4-96ff-4abd-8da2-3da8b12d1e6e,0,2,3,2,2,2,5,4,4,1,0,0,1,1,3,1,2,2
7918d465-0953-4f20-9e28-539e74c82e2f,1,2,1,4,0,1,2,4,3,5,5,3,1,5,2,0,2,0
79acce4b-b991-4a68-b762-d496686a4f32,0,1,5,3,8,0,2,0,3,1,0,1,3,5,1,2,1,2
7a85fbc6-253f-4552-9f4a-c1a332e14fa5,0,4,7,1,1,5,6,4,4,1,0,0,2,1,2,2,1,4
7adafb3c-7c7c-492b-be5b-5ddd9ff1316a,0,2,3,3,2,1,2,2,4,3,2,1,1,2,2,3,0,2
7b7b5825-2ae1-4119-99a7-e638f13267a0,0,2,5,3,0,1,2,2,0,1,0,2,4,1,5,6,3,1
7be6e8bc-39b0-4035-ac93-1df8fd7e1928,0,0,3,1,1,2,1,2,1,5,5,1,1,1,1,4,1,1
7bf3ce80-784e-42a0-b06a-dbbd1e31a9b7,0,1,1,3,1,5,2,4,3,0,2,3,1,3,3,3,2,2
7d624010-a0e7-455b-a606-48c5c467dd80,0,3,2,3,3,1,3,1,3,3,6,0,0,3,6,2,2,3
7d8464e7-44df-46bd-b338-d599eb730ea2,0,1,5,0,3,2,5,2,2,0,3,3,1,3,2,3,2,4
7d8c8c77-77a8-4743-b35f-349c0ac07866,0,4,3,3,0,1,3,1,2,1,5,2,1,3,2,3,7,4
7dd7dec0-5758-4a6e-a7dd-27a20e57c757,0,2,2,3,5,1,2,5,3,4,2,0,0,1,4,4,2,0
7e263bf1-e036-4cc8-9cb8-9beec89027a3,0,5,3,0,1,2,2,7,3,0,0,3,1,2,2,4,5,0
7f8ef27a-73f4-4bc1-aa62-f8aaea817294,0,4,1,3,2,1,2,3,2,1,4,0,1,2,1,3,0,3
808f5b0d-17e3-44e1-b58e-7f35ebabaff2,0,1,3,5,0,3,1,0,5,1,1,3,4,2,0,3,1,2
80c36ce2-2cef-4a47-a563-d2a60a2b1825,0,2,1,2,5,5,0,3,0,1,2,4,1,8,1,3,1,0
80c9ce48-46f9-4f5e-b3ca-3b698fc2e949,0,2,1,3,2,6,2,3,2,1,4,1,2,4,2,3,1,2
80e03bc0-fc8f-475b-a4dd-870844b7a313,0,6,5,2,1,1,7,1,0,3,5,3,2,6,1,2,2,3
80fc5e28-17ac-4e79-b9df-0d500abbe8b5,0,1,4,1,4,2,4,1,5,1,2,1,1,2,0,0,1,2
8298747d-33c8-441c-9c5a-a6cf648c95d8,0,3,4,2,3,2,4,4,3,0,2,0,3,1,6,4,5,4
83f8edc6-90b1-4f96-a80b-d6aa74103610,0,2,5,0,1,1,2,2,7,2,2,1,0,1,3,1,2,4
84bd5adb-286c-429a-926d-4ea120270825,0,5,3,1,2,0,1,2,1,3,5,1,1,1,3,0,5,4
85503a94-e733-486e-989e-12ff9b59f2d3,0,1,4,2,3,0,0,1,3,1,2,2,4,1,3,4,4,4
85a3acae-0e71-49f4-a6ee-13d3df1f4962,0,1,2,0,2,2,3,5,3,0,2,0,0,2,1,1,1,2
85eca06e-b8db-4fd9-b083-da47572c40b2,0,2,2,3,1,2,1,3,2,1,2,1,2,0,2,1,2,2
8665a934-dc22-482b-9289-2e2c9d6a4095,0,2,0,0,3,5,2,1,1,3,2,1,4,2,1,3,2,2
87026ce7-fd0b-4b57-9126-d4bae2c1ee0e,0,1,3,2,6,4,3,2,2,3,5,4,2,1,2,3,1,2
877ce8ba-564f-4b86-9cdc-94a93d9a7997,0,2,1,3,1,1,0,4,0,2,7,1,0,1,3,0,3,0
89572273-761e-46f3-8b99-1689d98aac90,0,3,4,4,3,2,2,2,1,1,3,1,1,1,6,3,1,3
89d6bd9d-ce6b-42e5-bb9b-ece3b338396d,0,3,2,3,0,2,2,0,2,0,5,2,0,2,6,2,3,3
8abcf667-7be3-439f-97bb-3375a3de366c,0,1,1,1,3,3,0,4,2,0,2,3,1,1,2,2,1,2
8af596f3-c67c-4f40-a0cc-e258e730a8f5,0,1,3,2,0,2,1,4,3,4,4,1,4,0,0,2,2,4
8b49caad-bcc5-43de-bf40-34a66ff8805c,0,0,2,1,0,1,3,3,1,1,1,2,2,2,5,7,1,1
8c9c5ee7-9c8c-4842-bbd1-1d1e51da8164,0,3,1,4,1,5,4,1,0,6,0,3,3,1,3,1,2,2
8d3661fd-d953-4c1b-857d-82b3e34f569e,0,5,0,0,6,2,2,2,1,1,3,1,3,4,1,3,1,3
8d3cd87d-8a31-4935-9a4f-b319bfe05f31,0,3,0,2,1,1,5,2,5,4,3,1,1,1,1,1,1,2
8d67b1c4-cd76-4701-a908-738e7a2411e7,0,5,1,2,3,0,3,4,3,1,0,2,2,3,4,1,6,0
8dda1a41-9e57-4944-bd36-18c0ac343b13,0,3,6,1,3,1,1,2,3,3,3,3,4,3,5,0,1,4
8f3d5674-544d-4f70-b4c1-7b9d93371855,1,2,0,1,2,1,2,2,4,2,3,4,1,3,3,4,2,2
8f41c07f-db4f-44f3-ae81-1f99cee047eb,0,4,1,3,1,1,3,0,3,2,2,2,1,3,4,2,2,3
8fe167eb-3c69-459a-b32d-b030b942eab4,0,3,3,2,1,3,3,3,5,2,2,2,1,3,1,3,1,2
90898216-e580-46c0-8e79-f2df84a9676d,0,3,4,1,0,1,1,3,0,1,0,0,2,0,1,3,2,4
90e2caab-9daa-4bf0-8104-c25e6c70c59d,0,2,3,3,1,2,3,1,3,2,3,2,1,6,2,3,1,2
91bec0ab-a8d4-421e-b333-e511c7c6f9a0,0,3,3,5,2,2,2,2,1,2,2,2,1,1,7,3,2,3
91dbe082-62c3-4bfd-9721-7c94be3a3d32,0,2,0,2,3,1,3,3,2,0,4,1,0,3,5,4,0,3
91fa7240-3d29-4dd0-baf1-ace7742a6e3f,0,2,1,4,2,1,2,6,4,5,1,2,3,0,3,2,3,0
9210e8dd-d2a2-4ea7-8cbd-f37e1e8efea5,0,2,1,2,3,2,2,2,3,2,3,3,5,1,3,2,2,2
922d93a7-d56a-4e74-b1bf-1e7bab42dcc4,0,4,0,3,0,2,4,5,3,2,3,8,0,1,3,3,2,0
92423e9a-4e8c-49bc-be75-c819912696ce,0,1,3,1,3,4,1,2,3,1,1,2,1,4,1,5,0,1
92b87fa5-f271-43e0-af66-84fac21052e6,1,1,1,3,3,0,3,3,1,4,3,4,1,1,2,6,2,1
92c3576c-8634-42a8-8005-6e1ff8c207e8,0,5,2,2,6,3,5,6,3,0,4,2,0,3,1,2,3,0
939dbcf5-024b-4e63-9e7e-2f15c8b346ba,0,2,5,1,4,3,0,4,1,2,3,6,2,2,2,1,2,4
93dd80c0-4ff2-42ed-9949-1621b0a68c63,0,2,1,2,2,2,1,3,5,3,1,2,2,0,0,3,1,2
941db1b1-270d-47f8-8a96-43f5a7481f03,1,1,0,1,1,3,2,2,3,0,4,1,1,1,4,0,4,2
948f7e9d-49bb-4770-bc9d-cb3fb65cca15,0,4,1,3,0,0,0,2,3,0,2,0,1,1,1,5,2,1
94bf7864-a52e-405e-a729-9702bf79c234,0,4,4,3,4,3,2,4,1,0,4,0,2,2,2,3,2,4
95023c1b-04b7-4efd-ab34-61a4a70bb9d8,0,3,2,1,2,3,2,1,2,2,1,2,3,1,5,3,2,3
95258c36-5b6b-4591-85ee-0c43f503c1d5,0,2,5,2,1,1,0,4,0,3,1,2,1,6,0,1,3,0
953cb190-5704-4926-adc2-057c6f3e3cb4,0,1,4,3,2,0,2,5,5,5,3,1,2,3,4,1,6,0
95f4bf3f-7eb7-429a-9f48-0f7cbdf0beaa,0,4,1,5,3,5,1,1,2,0,0,1,2,1,3,2,2,2
9664d628-9163-4aae-94e0-311f3bdb2f11,1,0,1,3,1,2,1,1,0,3,2,2,1,2,1,4,0,1
98411adf-cfc0-400d-aac8-e215571ef3f2,0,4,2,2,4,2,3,1,4,2,2,1,2,2,3,4,3,3
98511140-45c4-4faa-9962-fea5ad618ea3,0,3,2,3,4,1,1,0,7,2,3,3,2,4,2,5,3,2
987b33de-7307-48c1-b34a-6c6806d7af67,0,4,4,0,1,1,3,4,1,6,5,1,4,2,1,2,1,4
9a5aca53-6263-485a-bf77-e60c4608fd26,0,2,0,2,3,3,1,1,1,3,0,1,0,2,4,3,2,2
9a5c1dcc-d26b-4303-b487-3075e7d34e02,0,2,2,1,4,2,3,2,2,3,4,2,1,4,6,3,2,3
9a84c667-c913-47ce-be69-0f847dbfe0db,0,6,1,3,2,2,0,2,4,2,0,2,2,1,1,2,4,2
9b6d35f9-5e15-4cd0-a8d7-b1f3340e02c4,1,3,4,1,3,2,1,2,3,1,4,1,3,1,2,1,2,4
9b8a3e97-eee6-4de5-ab88-e00d2c0db6b9,0,3,3,1,3,6,1,0,1,3,2,2,1,2,5,3,0,3
9bb5d084-0b28-4352-8591-5b5a4efecdf0,0,3,2,2,4,0,2,2,3,3,5,4,2,2,2,4,1,1
9bbcd241-2de4-4a55-a3fe-2292cfbdc11c,0,3,1,0,3,2,4,5,2,2,3,2,1,6,0,4,3,0
9be473d9-cfdf-4954-bae2-09b0555a8ebb,1,2,4,3,1,4,1,2,4,3,3,4,3,0,2,4,1,1
9ce133df-bd87-4559-96d7-a402add824ca,0,6,4,2,1,1,2,4,3,0,1,2,1,1,4,3,1,3
9d0a0b94-b081-40d7-bf56-6f8f4750dbaf,0,0,2,3,2,4,1,3,1,4,3,1,6,4,2,5,1,1
9dcb5fd8-9e7f-40d3-bd1d-edf33ecf6388,0,1,0,1,2,2,1,2,2,0,4,2,0,3,2,2,3,2
9e9c6089-692f-406c-afee-50f62c127e9d,0,3,6,3,3,4,0,2,1,2,2,4,2,3,4,6,1,1
9e9cf8e7-6731-47da-bc0f-3a487e835586,0,4,1,3,2,1,3,4,5,3,3,3,0,4,2,2,3,0
9ed68c70-13fd-4346-808f-2665943c46d6,0,2,3,2,3,1,2,5,2,3,0,1,3,4,6,1,4,0
9fb4ce88-fac1-406c-8544-1a899cee7aaf,0,1,3,2,2,0,3,3,2,3,3,0,2,0,3,1,2,4
9fbae7e6-65a9-4753-8db9-5f7855b6a540,0,6,1,3,3,2,3,3,2,2,0,3,0,7,3,5,3,3
a1290f9f-af93-432d-be86-65840470c621,0,2,4,4,0,3,2,1,2,1,3,1,4,1,4,1,0,4
a1a9c0bd-785a-478f-a19e-9eb48fae0bd6,0,3,2,1,1,2,2,1,3,0,5,1,3,1,0,4,2,1
a483c273-aee5-44bc-883e-d6963157aa4c,0,4,6,1,4,3,0,2,1,5,2,2,1,1,3,3,3,4
a4a3247c-5e68-49d0-a768-a8d7db1c8ef4,0,3,1,4,2,2,2,1,1,1,2,0,1,4,3,1,3,2
a4fd7920-9edf-4930-84bd-7a38b3bf9cec,0,1,2,4,3,1,3,1,0,2,2,1,3,2,1,2,5,2
a540d720-b44a-4d3d-9643-e12bca77d1f3,0,4,4,1,1,3,2,3,3,3,3,3,0,2,2,3,0,3
a559688e-3f10-436f-a25e-8ad553eacb89,0,5,0,5,1,3,4,1,4,2,2,1,0,0,5,2,0,3
a58444bc-a23e-40a1-b09d-0f90bd5cd6b3,0,1,2,0,3,0,1,3,2,4,3,2,6,6,2,3,2,0
a5c65404-5894-4b87-82f2-d787cbee86b4,0,3,4,0,1,2,2,2,4,0,4,1,3,3,4,2,3,4
a6133f47-5586-434e-8be1-1e7122db1c0e,0,0,3,3,4,2,2,2,3,2,1,1,4,0,0,2,2,2
a6668254-c779-424c-8c8b-1762bf45916e,0,1,2,2,0,2,0,3,3,2,4,2,3,3,2,3,0,1
a6e32004-8866-40e5-aaeb-e159c13fd42a,0,0,2,3,1,2,3,1,1,0,2,0,2,3,2,2,6,2
a6f003be-b0fd-4100-b4cc-f568a21b9745,0,1,4,2,0,1,4,3,3,0,6,3,0,3,1,3,0,4
a710ab29-b72a-42c8-a79b-42e63d4a8bfd,0,2,0,2,0,1,3,0,2,0,1,2,3,0,1,2,0,2
a81378a5-58de-4631-b2b1-3eca765f68c6,0,4,3,1,8,3,2,1,2,2,3,3,0,1,1,2,4,2
a81df767-7da1-4844-b63c-fee4c9c7895d,0,1,1,4,0,3,4,1,4,3,3,2,1,2,3,2,2,2
a8229d24-f219-4930-a382-24049a8f73bb,0,6,2,0,4,4,2,7,2,2,7,0,4,4,4,2,0,3
a8d09ab9-44c6-493c-afdf-93888822a4b0,0,3,4,4,4,2,0,3,2,2,4,3,2,1,5,2,2,4
a90c3ed2-7c64-47c3-9da5-b10d05f6f9f2,0,4,6,2,1,2,0,3,0,2,3,3,0,6,3,3,2,4
a92660de-2154-4694-a86e-88cb81c8ea95,0,2,5,1,0,1,2,2,7,3,3,3,3,1,2,3,3,4
a94a7d87-65df-4c21-847a-0e8af6cb5c02,0,1,3,3,3,5,1,3,5,4,4,1,2,0,1,1,3,2
aa71ef91-252d-4c99-92ad-cf617f09fced,0,2,3,3,1,3,1,2,5,1,2,4,5,3,0,5,3,1
aab5b5d2-682b-4b27-89ae-cf7803f76786,0,3,4,3,1,4,2,0,1,1,2,3,2,2,1,5,1,1
ab9a4d70-3ae4-48d6-b161-c18bd687c3b4,0,5,1,4,0,0,2,3,5,1,0,1,1,0,5,2,1,3
ac4e6ee0-d1bd-4e6b-9355-7567b3e3ec5e,0,3,2,4,2,2,1,0,3,1,5,4,1,3,1,2,0,2
acbac577-54c9-4476-af3c-a3241a3f4a19,0,3,0,1,1,6,3,5,6,4,3,3,1,4,4,3,3,0
acd90ee9-84cd-465e-88e3-f128dd0cc1da,0,0,2,1,2,1,3,2,2,1,3,5,4,4,2,1,5,2
acfcd174-178c-4af3-8118-5be702fb80cf,0,6,8,2,1,2,3,3,1,0,1,2,0,2,1,1,1,4
ad4bd878-55e7-487c-a4db-470b23bbd832,0,3,2,6,0,2,2,2,6,3,6,2,1,1,2,6,1,1
ad9f5c2f-aa30-4baf-b084-56b1a4b63b09,0,1,1,5,2,3,4,4,1,4,2,1,2,2,2,2,1,0
ade9db41-034e-4b27-befb-42117025dab0,0,3,1,0,2,2,1,4,3,2,3,3,2,2,7,4,1,3
ae4eaf32-9db8-457d-ad58-1c4fad4b7eff,0,3,0,3,0,1,0,3,6,1,4,2,1,7,2,2,3,0
ae600af5-c1f0-4b1f-adb0-1b4c246373e4,0,3,3,1,2,0,3,4,1,3,4,2,4,2,0,3,3,4
af647535-dae8-4ca3-9203-bf4bfc607ffe,0,2,4,2,2,5,3,1,6,0,4,3,1,1,3,3,1,4
afab7336-04d3-45fe-8917-0327c56e7435,1,3,1,1,3,3,2,2,5,0,5,3,3,1,1,1,1,2
b09e3125-2162-443b-bea0-25895b7605bc,1,6,0,6,2,6,4,3,5,5,7,3,1,0,0,3,1,3
b0c22f82-b882-4394-bf27-6dfadf26e5c2,1,3,2,3,1,5,3,3,1,1,1,3,1,4,4,4,1,3
b0d6f088-ee97-4087-aeb1-4957f24a5f4d,0,1,5,3,1,3,2,3,3,2,3,0,2,2,1,2,4,4
b143cd2b-20b1-4e9c-9bb7-cfb359b33d01,1,1,0,1,2,3,2,1,4,3,4,7,1,5,1,1,1,2
b1954833-b6a5-4c6c-9709-80686b7768c4,0,3,1,1,6,0,2,4,4,1,2,2,0,4,3,0,3,0
b1ceae0c-016d-421f-a6f0-488a7857f9f6,0,6,2,2,1,2,2,3,2,4,0,1,1,4,3,5,5,3
b3a84639-5a4f-4c97-8ea8-2ac49882e27a,0,5,1,0,3,3,2,2,2,0,0,1,3,2,5,4,0,3
b3e73328-3638-4913-b7ae-3a6a64c1cd62,0,3,3,1,2,2,1,2,2,3,4,1,3,3,4,0,2,4
b473e898-b7b0-4a57-959d-484bf4cc4483,0,5,3,3,2,0,2,2,1,2,5,3,0,2,4,1,2,3
b4a6b3ac-b6af-4525-8d59-7afc00ff279d,0,3,0,0,2,1,2,0,1,3,3,1,2,2,3,1,0,3
b596e7d8-dd3f-4125-8b99-4bf2283657cd,0,5,1,2,3,0,1,4,2,1,4,0,2,2,2,4,1,3
b6d04982-1509-41ab-a700-b390d6cb4d02,0,2,3,5,1,3,1,0,3,1,2,2,2,4,2,1,4,2
b6fd2140-f8b9-498a-a07f-0dc9986736c6,0,2,0,1,3,2,3,11,8,2,0,4,0,0,5,3,2,0
b726d35b-6345-4ed9-8431-fc75e38ba179,0,1,2,2,3,4,2,2,3,0,1,2,2,2,2,3,3,2
b76ebf8d-3f04-4e7f-aec8-22575f68d9e2,0,1,3,1,2,5,5,0,3,2,3,4,2,1,2,7,1,1
b7b551bd-8cdd-44f3-aef8-29bf82b51535,0,2,3,2,2,2,1,1,1,3,7,2,3,0,1,0,0,4
b7e4b060-7b74-408f-b7d7-67a5e1dbfce3,0,4,9,0,3,2,4,4,3,0,2,2,4,1,0,1,3,4
b7fb2028-4cfc-440b-a1b1-4101f12f7abe,0,4,2,3,0,2,3,1,0,3,4,4,4,3,6,5,0,1
b827588c-31b2-47f3-916a-a1dbf7987f50,0,3,3,1,2,3,2,2,1,2,1,3,0,2,1,2,2,2
b83ae39f-2b80-4925-b5ff-34ddefd7f07c,0,3,2,0,0,6,2,2,6,2,3,2,1,5,1,1,4,2
b841358a-d8ff-412e-b940-3a95fd31291b,0,2,2,2,0,1,2,1,3,2,0,3,0,3,3,4,5,1
b870b764-7447-4990-a8d4-024d33e0e67d,0,3,2,4,2,2,1,3,3,2,3,2,0,0,1,6,4,1
b8c653b5-0118-4d7e-9bde-07c2de90f0ff,0,3,4,2,2,3,1,6,2,2,0,1,2,2,2,4,1,1
b9480379-4b96-412c-8dca-96fff9ae81a3,0,3,3,3,1,1,1,3,1,2,4,1,1,2,1,5,3,1
b9bcd994-f000-4f6b-87fc-caae08acfaa1,0,1,2,3,2,0,3,0,3,0,3,1,3,5,2,2,0,2
ba55c3a8-5ab2-486a-8c90-b972117453bb,0,2,2,4,1,5,0,3,5,2,4,2,2,1,4,3,5,2
bb987a93-cd4f-4b6b-8691-0997ff8a8ce8,0,1,4,1,2,5,3,2,3,1,1,0,0,0,1,2,0,2
bbe8f83c-af9c-4dab-b5fa-7925822e450d,0,3,1,2,2,4,0,4,0,4,2,2,4,4,0,4,1,1
bbef3be1-172e-44bb-be3b-013140707ecf,0,0,6,3,5,1,1,2,3,2,1,3,0,2,4,3,4,4
bc142f57-1307-46c6-9975-8c3a1e5f540c,1,2,3,4,5,2,4,4,5,0,1,1,2,2,3,1,2,2
bcdf88dc-2a52-4716-bc24-a1b46040c8ce,1,1,1,3,3,1,0,3,2,4,4,1,2,3,2,2,5,0
beb1f34e-7870-46d6-9fc7-2e12eb83ce43,0,3,4,1,3,4,4,2,4,4,4,2,3,2,1,4,0,4
bec3a622-1373-49c2-9d57-e0281c34f5cf,0,5,4,1,2,3,0,1,3,0,5,0,2,2,2,5,0,3
bf721d00-4fa1-44b1-834f-4730cd51aefa,0,3,4,1,0,1,2,4,4,0,0,6,3,1,4,5,1,1
bf970f55-66c1-402d-a5d7-f086421516c9,0,0,4,1,1,0,2,1,4,1,1,1,2,0,0,1,4,4
bfe23c39-f814-4282-b0f7-506cd8295b8a,0,2,2,3,6,3,3,2,6,6,4,3,4,3,2,1,1,2
c07fd88f-9e7b-47eb-8477-8fcbffb7c5c8,0,3,2,1,3,2,1,2,4,3,1,5,0,1,2,4,3,1
c1c53b8c-b6a8-4343-a369-4a0595a97807,0,4,5,1,3,0,3,4,2,0,3,0,3,6,2,2,1,4
c1e01541-7508-4712-a22c-0370f232a41e,0,1,2,2,1,2,2,1,1,3,2,2,2,2,0,1,3,2
c3988ef2-7e28-4db7-8981-c69f61a3bfce,0,3,2,2,2,1,5,3,5,2,4,5,1,1,3,4,0,3
c43c2351-9591-4122-acdd-b521723d7292,0,0,3,4,3,1,3,6,1,2,2,4,1,4,4,1,4,0
c5d04879-87bd-4950-9e63-334382ef53af,0,4,1,3,2,1,1,2,2,3,2,4,2,1,3,4,2,1
c64c5004-6ab5-4faa-9fcd-8039fe57799d,1,5,2,2,2,2,5,3,0,2,2,2,0,5,0,4,2,3
c76c3393-88e2-47b0-ac37-dc4f2053f5a5,0,3,3,1,1,2,6,5,5,3,4,3,2,6,1,4,2,0
c7b6e374-1bef-48c3-8222-cc231dbd5cce,0,3,4,4,3,0,2,1,1,0,4,3,2,2,3,5,0,1
c8145b49-3841-466e-9d49-a636ce2e7d1f,0,0,1,2,3,0,2,3,3,1,2,1,4,4,2,2,3,2
c834ba1d-8a10-4984-aaf2-7c2eab207076,0,3,0,1,2,4,1,2,3,0,4,1,1,1,1,4,0,3
c880dbc5-8997-4f38-9055-c254b9133175,0,2,6,2,0,3,2,2,6,1,2,4,1,1,5,3,2,4
c924f935-cff8-45c0-b4b7-5ed2c6cdaac8,0,3,2,3,1,3,2,2,0,1,3,2,3,1,1,0,2,2
caa8605b-5cd3-49d0-a680-2a6e9f3bf0a5,0,2,3,2,6,2,2,2,0,1,4,4,0,4,4,3,0,3
cab84c6a-e342-43ab-85a1-9c6ac1e93bac,0,1,4,3,3,0,0,3,3,2,2,3,0,5,2,2,5,0
cad2d54d-9555-4dfe-bfcd-7a584895a002,0,3,1,2,1,2,1,3,2,1,4,4,1,1,3,5,0,1
cafa0d07-63be-4b5b-bc7f-c4f4091d403d,0,0,2,4,3,2,3,3,3,2,3,3,2,2,0,1,2,2
cb97b0ea-fc93-4597-b391-846710c6fedc,0,4,1,0,3,2,1,3,2,0,2,2,3,1,1,1,2,2
cbc99939-e6a6-4269-9819-bffce6f38751,0,4,1,1,4,2,1,4,2,0,2,0,1,1,1,2,3,2
cd5fd7db-8715-41b7-8f4a-11a65b638d8e,0,0,4,3,1,0,1,1,3,3,1,4,1,1,3,4,0,1
ce7c338c-cad4-408f-895b-510ca73a388b,0,3,3,4,3,0,2,3,3,1,6,2,2,1,3,1,1,4
ce9b41f4-625e-4868-83d1-6b53767a8af5,0,3,1,3,2,2,5,2,3,3,6,3,2,1,2,3,2,3
cf34e8ee-f508-47bc-baa1-bcc576e1084d,0,3,1,1,1,3,1,1,5,0,4,1,4,4,4,4,1,3
cfe50481-7c50-48fa-97fa-89b6f137e1bd,0,2,1,2,3,3,5,1,5,3,1,0,2,0,3,3,0,2
d0ea9a00-4ea9-4c81-b16a-a20b72f824ea,1,1,0,1,4,0,3,3,2,2,3,3,4,2,3,2,1,2
d16ed6bf-d35e-463b-92b0-393ee67e220c,0,2,4,5,2,2,1,2,4,6,1,5,2,3,4,2,2,0
d1a89d23-7d17-4949-9e1a-637317141f3d,0,4,4,7,4,2,1,5,2,2,4,5,0,4,3,3,1,0
d27670c9-f85e-43e0-80a7-122cba908f10,0,2,6,3,1,1,1,1,4,0,3,3,1,2,3,1,2,4
d2e48a3d-aeca-4b36-8550-f8cbb10d09b8,0,2,4,4,4,0,3,3,3,5,2,2,2,5,1,1,3,0
d3aa94aa-3e81-49e4-915a-d269e4f42f29,0,0,3,3,3,4,3,2,3,5,2,0,2,1,3,2,2,2
d47fd6cf-20fa-45fe-97a1-b8aca043c9a8,0,2,0,1,0,3,3,3,1,0,6,2,1,3,4,1,0,3
d4dc38d4-5c80-428f-95da-b746a275531c,0,3,3,3,4,4,2,1,4,0,4,0,2,3,1,1,0,2
d51a3403-8bab-4d88-af4f-a429c6d8c168,0,2,1,2,4,2,1,4,0,2,6,2,2,1,3,2,3,0
d55f3314-96cc-4a5d-b650-f43f094cd3c3,0,3,4,3,4,1,1,1,3,2,1,1,2,1,1,2,2,4
d56c9d87-7d56-4a5e-a0e8-bbc4ddc3242c,0,3,3,3,3,3,2,2,3,3,3,3,1,2,2,1,2,2
d5b6f279-ab5f-4391-b92a-c8acc8ceceb6,0,2,1,2,3,2,1,2,2,0,1,4,2,3,4,1,4,2
d6204684-926d-41db-ae9c-a7bf2e76313a,1,2,5,5,1,2,2,2,0,2,3,0,4,3,3,3,1,4
d71363d5-6468-44b0-b641-94c4776bce98,0,7,3,3,3,1,0,4,2,1,1,1,0,3,3,2,3,3
d74e1b39-7b34-4bcb-a24d-e215097187f5,0,1,2,2,2,4,3,5,4,4,2,1,1,2,1,4,2,0
d81dc9d9-a614-40f1-9dd4-7a4a05bac243,1,2,0,2,1,6,0,1,0,2,5,4,1,2,1,6,2,1
d97f6964-a2d4-4d55-8f3d-5b4aac2f569f,0,1,4,3,1,1,1,0,1,5,1,2,0,4,1,1,2,2
d9aab962-e964-4afd-83ee-abda0865da67,0,0,1,2,1,3,3,2,3,1,3,2,1,0,3,6,0,1
da97952a-2eba-46c4-a19e-3df3c40a1524,0,2,3,3,2,2,5,2,4,0,2,0,2,4,0,1,2,2
dab237a2-dcc9-4322-a9b6-b2d16ee38c78,0,4,4,4,3,1,1,5,1,3,2,2,1,3,2,7,2,1
db0066e1-83cc-43f3-990b-983010aa5370,0,3,2,5,1,2,2,4,2,2,2,2,4,4,1,1,5,0
db392b86-6ba5-4a9b-933a-a2553488bb62,0,4,5,4,3,3,1,3,2,1,6,1,0,0,1,5,4,4
dbacabf8-7ebd-4f22-a261-59d8dad306f1,0,2,0,2,3,1,2,4,1,1,1,6,5,1,1,4,2,1
dcc6000c-ba92-472c-8bc1-9e9ca30b475b,0,1,3,5,1,1,4,3,1,1,4,1,0,2,6,1,2,0
dd118345-3ba6-4800-9686-d5479fee403d,0,1,1,3,1,1,3,1,2,3,4,4,1,1,2,4,1,1
ddc4db8e-0000-48c4-8fdb-d32af87fb823,0,2,4,5,0,2,3,3,5,1,0,2,4,1,3,3,3,2
ddd079a8-00dd-4aab-9551-11961171db16,0,4,5,0,0,2,3,0,3,0,3,3,4,2,3,7,2,1
de050611-e926-43bb-b1ea-502d8bd25bfc,0,4,1,2,1,3,3,3,1,0,3,4,1,3,0,3,0,3
de1d478e-3552-4223-b039-d3086cc485ec,0,3,4,1,1,4,0,1,1,3,3,6,3,4,1,5,2,1
de39bbda-66a8-4c52-835a-7a104cf7f081,0,4,2,2,2,5,1,3,4,1,3,0,2,2,4,5,1,3
ded166ee-173b-4a56-bc6d-464c35709670,0,2,6,1,1,4,1,5,2,1,4,3,1,1,0,2,1,4
df1e7940-d514-40aa-af3a-e742792c4b5e,0,0,0,5,2,2,3,2,4,1,2,1,3,3,1,3,2,2
e09aa625-3db7-49bd-be09-9aaa0c86a8bf,0,4,1,3,1,3,3,0,3,1,2,2,2,1,2,2,3,2
e0e16358-f850-4085-bc5a-ed8e6a4b2ec1,0,4,2,2,5,3,1,3,0,2,5,3,0,2,0,4,4,0
e206e31b-5f85-4964-b6ea-d7ee5324def1,0,6,5,2,2,4,2,3,0,3,6,1,1,2,3,2,1,3
e2377b94-f06a-49ed-a266-377c4b07e980,0,3,4,1,0,3,1,2,2,1,3,5,0,1,2,7,1,1
e32722f4-69b1-4aff-b13b-8928ea08fd6a,0,5,4,2,0,3,6,1,7,2,3,3,4,2,1,4,1,4
e3417115-6e56-4f55-a4ae-70353582a8c4,0,5,2,3,2,1,2,1,2,3,2,3,1,5,3,3,1,3
e377a5c2-0378-4684-b7d1-5d80e04243ed,0,4,2,2,1,3,1,1,2,0,2,2,0,3,2,4,3,3
e43acf25-fcfb-4dbf-bc8c-ccbe16c329e7,0,2,2,1,6,3,1,1,5,2,1,0,2,3,0,3,3,2
e57c1d53-11ce-4df6-bb4b-85647776fd6d,0,5,3,0,0,1,0,1,1,1,0,1,3,0,0,2,3,4
e69d9ade-20e5-4e31-bc70-5a46556c530f,0,1,1,4,2,2,0,2,3,2,3,3,1,1,2,1,1,2
e6a52b6a-20ec-4b09-bbb7-4a1138014985,0,2,3,2,1,0,3,0,4,1,3,2,4,4,1,2,4,2
e74edcea-5db4-4412-a4ce-eb7c5adc314a,1,1,5,3,1,0,3,1,1,3,2,3,3,0,2,5,2,1
e79a2e98-57b4-4469-8da4-87f338460d42,0,0,0,4,3,2,2,1,2,2,2,3,2,2,1,2,1,2
e8493c32-7f6f-4e57-a691-cf0df6f015c9,0,8,0,2,0,2,3,0,4,0,1,3,1,1,3,5,1,3
e8849148-1482-4926-9f28-a537630b9ba2,0,5,1,2,2,2,1,7,2,1,2,3,2,2,3,1,0,0
e89d4cb0-3bec-43b8-8060-719983fe68a9,0,2,4,2,2,2,5,1,1,2,4,5,3,2,3,0,2,4
e8c9386c-8fbc-40cc-9587-ccb912ec5c10,0,3,1,3,2,1,2,3,3,1,4,6,2,0,1,5,1,1
eb74e88c-1bf5-402f-987e-90a5977ae1e3,0,2,2,3,3,6,1,1,4,1,2,1,1,0,5,0,3,2
ec2729db-9794-466e-93ba-a19402e16bef,0,5,2,2,1,2,0,3,1,2,2,2,1,1,2,3,3,3
ed1c744d-8561-4b41-b83c-7bf554fbca97,0,4,1,2,2,3,3,2,4,1,1,2,1,0,4,3,1,3
ed3494e3-695b-4068-a725-09c6cdf92d63,0,3,2,5,1,1,3,2,2,2,2,2,4,0,0,2,1,2
ed5e1675-94a8-482c-8b43-1b9bb71d0495,1,2,2,2,3,4,6,4,0,0,0,1,4,2,0,3,3,2
ef147ea5-9696-44d5-b6c2-a43f62fd8ce2,0,2,2,4,3,1,3,2,2,2,3,3,1,0,1,6,2,1
ef56931b-540b-4166-9090-73ae48ac8d97,0,2,1,2,0,4,1,1,4,2,3,3,1,5,3,7,3,1
ef629f00-391d-4a79-af74-77a9afdbbd41,0,3,2,5,5,1,2,5,1,3,2,1,0,1,3,3,1,0
eff1e86a-8ede-4a41-818b-9442e3181ee3,0,5,1,5,2,2,2,0,4,2,2,3,2,2,2,5,0,3
f02267ef-8974-43f5-9a2f-03d2c8ec22ca,0,3,3,2,2,3,3,4,0,1,3,2,5,2,2,5,1,1
f0ef81ec-85b1-4475-ae60-aa7d373088aa,0,0,4,1,2,2,1,3,3,1,1,1,1,0,4,1,2,4
f11e8adf-a550-4e7a-ab81-dbccd952dff8,0,3,5,2,4,3,2,1,3,2,5,0,0,0,3,1,2,4
f182f7d5-e202-4e89-832e-02205dd2ff02,0,3,4,2,3,3,3,0,2,7,4,0,2,4,4,2,2,4
f25dc445-de4a-47ee-92a4-0ff29c56656d,0,2,3,5,2,3,0,2,0,1,4,1,2,2,1,5,1,1
f2a3b679-edc8-4b0e-9793-995ef2e100f2,0,5,1,4,3,2,3,1,2,0,4,0,0,1,3,1,4,3
f3eb7ee0-7788-43a0-9686-1c399260b17e,0,1,2,1,1,2,4,2,6,3,2,3,4,0,2,2,4,2
f41d30f1-50c3-419c-a2d8-9043c7e568ca,0,1,3,2,0,3,1,4,1,1,1,2,3,2,5,3,1,1
f46eee2a-6024-4046-a6f4-5232366edb87,0,1,3,4,7,0,5,5,2,3,4,3,3,0,2,3,1,0
f4ed8f9c-5eac-4d77-a206-c60afda2921a,1,4,4,2,1,1,7,3,3,0,4,1,0,8,1,5,1,3
f50ac030-3af8-4e07-aacf-dccff353b8f6,1,2,3,2,2,3,0,4,0,2,3,1,1,2,2,7,2,1
f5d9a26e-986d-4d8e-a1c9-69493fb64736,0,3,2,5,2,4,2,2,2,6,2,2,3,0,2,4,2,1
f62c96d8-5b1e-45c6-8a65-b36a9387827d,0,2,2,3,5,2,1,0,5,1,2,2,3,0,2,3,2,2
f717de6d-2b64-4ef9-855d-ff1c9460c3fe,0,2,0,3,4,3,2,3,2,3,3,2,1,1,1,2,2,2
f73a01fe-444d-4b94-8d0e-4ec2cb97495b,0,4,6,6,0,3,0,1,0,3,5,2,6,2,2,2,0,4
f7785ec1-7383-4815-8206-80de7c05fdf9,0,4,2,3,1,2,0,0,4,1,3,3,0,4,1,3,1,3
f7d73e35-248c-4369-9e4d-1f38bea06a5f,0,1,2,3,3,1,2,4,2,3,1,1,2,3,1,1,1,0
f86853a2-acda-4319-a50c-03f014248042,0,0,3,4,1,2,2,4,1,2,4,5,1,3,5,5,2,1
f8926cfa-7036-4929-b5db-925c26daea1a,0,3,1,2,3,6,3,6,2,0,2,2,1,3,1,0,3,0
f9775602-43ab-4d54-ad93-7c9a489879bc,0,4,3,2,2,2,3,3,5,1,3,1,2,2,0,2,2,4
f9ecf6a2-8402-43b3-bf22-8cd54394ea02,0,1,1,1,2,1,0,4,1,1,3,2,0,3,6,3,3,0
fa16aabb-fac3-4310-b19c-ce7021eb825b,0,3,1,1,1,1,1,2,3,2,3,1,1,0,5,5,1,1
fa3e42f0-71d8-455f-b024-e52d5c27a145,1,5,2,2,6,3,3,2,2,2,2,2,4,3,1,2,2,2
fb4654ff-ce23-4a77-b52a-50f8948b5664,0,4,2,1,1,2,3,3,2,1,4,3,2,3,3,4,1,3
fc17ca61-7c66-4ceb-8504-32f58b438b45,0,1,2,2,2,4,2,5,1,1,2,2,2,2,3,0,1,0
fc709c94-7491-4753-ad53-dfee49823a2f,0,1,2,2,2,1,2,4,3,2,4,2,2,4,2,2,1,0
fd4da61a-5102-4311-8b9f-2ec57bfac6b1,0,2,1,2,1,1,4,2,6,2,4,0,2,2,3,3,1,2
fd7396b2-a18b-449c-b326-e676aebd7776,0,1,1,1,2,2,2,2,2,0,2,4,3,1,1,1,5,2
fdbaec82-bc98-47b8-8fe6-4aec7524e8e3,0,3,4,4,2,0,2,1,0,2,1,2,1,0,3,2,2,4
fe0e2711-bad0-4a0a-90fa-b2d9e8c773a8,0,5,2,4,4,3,2,1,4,2,3,2,2,3,2,5,3,3
fe15963d-0a77-4247-9bc6-04e146b826b2,0,1,4,3,1,4,2,7,3,1,2,4,0,3,1,4,2,0
fe1c151b-1a95-43fa-9a4c-f3214adba852,0,5,2,2,1,1,1,3,3,2,2,6,1,5,3,0,2,0
fe224147-e893-4178-b46e-b12f22bd7ed1,0,6,4,2,3,1,2,3,3,2,3,1,3,0,0,3,1,4
fe37b2b4-ee09-4caf-aff5-fd15f6f083a1,0,2,2,1,2,1,1,1,3,2,2,5,5,3,2,2,4,2
ffdb3615-516c-422f-aa24-a137e3027d3a,0,3,3,5,2,0,4,2,2,0,3,1,2,1,2,5,2,1
